{
    "model_path": "/inspire/hdd/project/exploration-topic/public/lzjjin/course/Goemotions/grpo_output/Qwen2.5-7B-Instruct/group/Qwen2.5-7B-grpo",
    "backend": "vllm",
    "use_cot": true,
    "exact_match_accuracy": 0.6277869909710706,
    "classification_report": {
        "ambiguous": {
            "precision": 0.5518672199170125,
            "recall": 0.3929098966026588,
            "f1-score": 0.45901639344262296,
            "support": 677.0
        },
        "negative": {
            "precision": 0.648960739030023,
            "recall": 0.6679873217115689,
            "f1-score": 0.6583365872705974,
            "support": 1262.0
        },
        "neutral": {
            "precision": 0.617908787541713,
            "recall": 0.6217123670956911,
            "f1-score": 0.6198047419804742,
            "support": 1787.0
        },
        "positive": {
            "precision": 0.8105769230769231,
            "recall": 0.8013307984790875,
            "f1-score": 0.8059273422562141,
            "support": 2104.0
        },
        "micro avg": {
            "precision": 0.6902279554691642,
            "recall": 0.669982847341338,
            "f1-score": 0.6799547393158674,
            "support": 5830.0
        },
        "macro avg": {
            "precision": 0.6573284173914179,
            "recall": 0.6209850959722516,
            "f1-score": 0.6357712662374772,
            "support": 5830.0
        },
        "weighted avg": {
            "precision": 0.6864938953740297,
            "recall": 0.669982847341338,
            "f1-score": 0.6766444379969694,
            "support": 5830.0
        },
        "samples avg": {
            "precision": 0.6979915238621707,
            "recall": 0.6841717339229777,
            "f1-score": 0.6840488913457404,
            "support": 5830.0
        }
    }
}