{
    "model_path": "/inspire/hdd/project/exploration-topic/public/downloaded_ckpts/Qwen2.5-3B-Instruct/",
    "backend": "vllm",
    "use_cot": false,
    "exact_match_accuracy": 0.20416436336834345,
    "classification_report": {
        "admiration": {
            "precision": 0.5337078651685393,
            "recall": 0.376984126984127,
            "f1-score": 0.4418604651162791,
            "support": 504.0
        },
        "amusement": {
            "precision": 0.3465346534653465,
            "recall": 0.928030303030303,
            "f1-score": 0.5046343975283213,
            "support": 264.0
        },
        "anger": {
            "precision": 0.3155080213903743,
            "recall": 0.5959595959595959,
            "f1-score": 0.4125874125874126,
            "support": 198.0
        },
        "annoyance": {
            "precision": 0.35344827586206895,
            "recall": 0.128125,
            "f1-score": 0.18807339449541285,
            "support": 320.0
        },
        "approval": {
            "precision": 0.1978021978021978,
            "recall": 0.10256410256410256,
            "f1-score": 0.1350844277673546,
            "support": 351.0
        },
        "caring": {
            "precision": 0.42857142857142855,
            "recall": 0.022222222222222223,
            "f1-score": 0.04225352112676056,
            "support": 135.0
        },
        "confusion": {
            "precision": 0.3,
            "recall": 0.29411764705882354,
            "f1-score": 0.297029702970297,
            "support": 153.0
        },
        "curiosity": {
            "precision": 0.3723404255319149,
            "recall": 0.24647887323943662,
            "f1-score": 0.2966101694915254,
            "support": 284.0
        },
        "desire": {
            "precision": 0.15,
            "recall": 0.10843373493975904,
            "f1-score": 0.1258741258741259,
            "support": 83.0
        },
        "disappointment": {
            "precision": 0.06987475280158208,
            "recall": 0.7019867549668874,
            "f1-score": 0.12709832134292565,
            "support": 151.0
        },
        "disapproval": {
            "precision": 0.1553956834532374,
            "recall": 0.4044943820224719,
            "f1-score": 0.22453222453222454,
            "support": 267.0
        },
        "disgust": {
            "precision": 0.2857142857142857,
            "recall": 0.2926829268292683,
            "f1-score": 0.2891566265060241,
            "support": 123.0
        },
        "embarrassment": {
            "precision": 0.42105263157894735,
            "recall": 0.21621621621621623,
            "f1-score": 0.2857142857142857,
            "support": 37.0
        },
        "excitement": {
            "precision": 0.2647058823529412,
            "recall": 0.34951456310679613,
            "f1-score": 0.301255230125523,
            "support": 103.0
        },
        "fear": {
            "precision": 0.39823008849557523,
            "recall": 0.5769230769230769,
            "f1-score": 0.4712041884816754,
            "support": 78.0
        },
        "gratitude": {
            "precision": 0.779783393501805,
            "recall": 0.6136363636363636,
            "f1-score": 0.6868044515103339,
            "support": 352.0
        },
        "grief": {
            "precision": 0.0,
            "recall": 0.0,
            "f1-score": 0.0,
            "support": 6.0
        },
        "joy": {
            "precision": 0.30097087378640774,
            "recall": 0.38509316770186336,
            "f1-score": 0.33787465940054495,
            "support": 161.0
        },
        "love": {
            "precision": 0.7730061349693251,
            "recall": 0.5294117647058824,
            "f1-score": 0.628428927680798,
            "support": 238.0
        },
        "nervousness": {
            "precision": 0.5,
            "recall": 0.08695652173913043,
            "f1-score": 0.14814814814814814,
            "support": 23.0
        },
        "optimism": {
            "precision": 0.3333333333333333,
            "recall": 0.21505376344086022,
            "f1-score": 0.26143790849673204,
            "support": 186.0
        },
        "pride": {
            "precision": 0.2608695652173913,
            "recall": 0.375,
            "f1-score": 0.3076923076923077,
            "support": 16.0
        },
        "realization": {
            "precision": 0.27586206896551724,
            "recall": 0.1103448275862069,
            "f1-score": 0.15763546798029557,
            "support": 145.0
        },
        "relief": {
            "precision": 0.06557377049180328,
            "recall": 0.36363636363636365,
            "f1-score": 0.1111111111111111,
            "support": 11.0
        },
        "remorse": {
            "precision": 0.35714285714285715,
            "recall": 0.08928571428571429,
            "f1-score": 0.14285714285714285,
            "support": 56.0
        },
        "sadness": {
            "precision": 0.4117647058823529,
            "recall": 0.4935897435897436,
            "f1-score": 0.4489795918367347,
            "support": 156.0
        },
        "surprise": {
            "precision": 0.13636363636363635,
            "recall": 0.48936170212765956,
            "f1-score": 0.2132921174652241,
            "support": 141.0
        },
        "neutral": {
            "precision": 0.6175972927241963,
            "recall": 0.204252937884723,
            "f1-score": 0.3069806560134567,
            "support": 1787.0
        },
        "micro avg": {
            "precision": 0.2993392703246194,
            "recall": 0.32927792700268604,
            "f1-score": 0.313595666240313,
            "support": 6329.0
        },
        "macro avg": {
            "precision": 0.3358983508773952,
            "recall": 0.3321555855856285,
            "f1-score": 0.2819361065661778,
            "support": 6329.0
        },
        "weighted avg": {
            "precision": 0.44571626093157873,
            "recall": 0.32927792700268604,
            "f1-score": 0.32667954857016945,
            "support": 6329.0
        },
        "samples avg": {
            "precision": 0.3079970517781463,
            "recall": 0.3319052883729501,
            "f1-score": 0.3082286977809366,
            "support": 6329.0
        }
    }
}