{
    "model_path": "/inspire/hdd/project/exploration-topic/public/downloaded_ckpts/Qwen2.5-32B-Instruct/",
    "backend": "vllm",
    "use_cot": false,
    "exact_match_accuracy": 0.4661875806154413,
    "classification_report": {
        "ambiguous": {
            "precision": 0.27461139896373055,
            "recall": 0.23485967503692762,
            "f1-score": 0.2531847133757962,
            "support": 677.0
        },
        "negative": {
            "precision": 0.46812227074235807,
            "recall": 0.849445324881141,
            "f1-score": 0.6036036036036037,
            "support": 1262.0
        },
        "neutral": {
            "precision": 0.45036319612590797,
            "recall": 0.4163402350307778,
            "f1-score": 0.43268391974411163,
            "support": 1787.0
        },
        "positive": {
            "precision": 0.80306905370844,
            "recall": 0.596958174904943,
            "f1-score": 0.6848418756815703,
            "support": 2104.0
        },
        "micro avg": {
            "precision": 0.5309778142974527,
            "recall": 0.5542024013722127,
            "f1-score": 0.5423415862358372,
            "support": 5830.0
        },
        "macro avg": {
            "precision": 0.49904147988510916,
            "recall": 0.5244008524634474,
            "f1-score": 0.49357852810127045,
            "support": 5830.0
        },
        "weighted avg": {
            "precision": 0.5610872286886547,
            "recall": 0.5542024013722127,
            "f1-score": 0.5398400119588187,
            "support": 5830.0
        },
        "samples avg": {
            "precision": 0.5494748479823107,
            "recall": 0.5619740802162029,
            "f1-score": 0.5461212456237332,
            "support": 5830.0
        }
    }
}