{
    "model_path": "/inspire/hdd/project/exploration-topic/public/lzjjin/course/Goemotions/sft_output/Qwen2.5-7B-Instruct/original/Qwen2.5-7b-sft",
    "backend": "vllm",
    "use_cot": false,
    "exact_match_accuracy": 0.445365763773724,
    "classification_report": {
        "admiration": {
            "precision": 0.5596774193548387,
            "recall": 0.6884920634920635,
            "f1-score": 0.6174377224199288,
            "support": 504.0
        },
        "amusement": {
            "precision": 0.7068403908794788,
            "recall": 0.821969696969697,
            "f1-score": 0.7600700525394045,
            "support": 264.0
        },
        "anger": {
            "precision": 0.4125,
            "recall": 0.3333333333333333,
            "f1-score": 0.3687150837988827,
            "support": 198.0
        },
        "annoyance": {
            "precision": 0.41450777202072536,
            "recall": 0.25,
            "f1-score": 0.31189083820662766,
            "support": 320.0
        },
        "approval": {
            "precision": 0.4519230769230769,
            "recall": 0.2678062678062678,
            "f1-score": 0.3363148479427549,
            "support": 351.0
        },
        "caring": {
            "precision": 0.625,
            "recall": 0.037037037037037035,
            "f1-score": 0.06993006993006994,
            "support": 135.0
        },
        "confusion": {
            "precision": 0.40540540540540543,
            "recall": 0.39215686274509803,
            "f1-score": 0.39867109634551495,
            "support": 153.0
        },
        "curiosity": {
            "precision": 0.4470284237726098,
            "recall": 0.6091549295774648,
            "f1-score": 0.5156482861400894,
            "support": 284.0
        },
        "desire": {
            "precision": 0.41975308641975306,
            "recall": 0.40963855421686746,
            "f1-score": 0.4146341463414634,
            "support": 83.0
        },
        "disappointment": {
            "precision": 0.16022099447513813,
            "recall": 0.3841059602649007,
            "f1-score": 0.22612085769980506,
            "support": 151.0
        },
        "disapproval": {
            "precision": 0.27791563275434245,
            "recall": 0.41947565543071164,
            "f1-score": 0.33432835820895523,
            "support": 267.0
        },
        "disgust": {
            "precision": 0.3467741935483871,
            "recall": 0.34959349593495936,
            "f1-score": 0.3481781376518219,
            "support": 123.0
        },
        "embarrassment": {
            "precision": 0.8181818181818182,
            "recall": 0.24324324324324326,
            "f1-score": 0.375,
            "support": 37.0
        },
        "excitement": {
            "precision": 0.4819277108433735,
            "recall": 0.3883495145631068,
            "f1-score": 0.43010752688172044,
            "support": 103.0
        },
        "fear": {
            "precision": 0.75,
            "recall": 0.5,
            "f1-score": 0.6,
            "support": 78.0
        },
        "gratitude": {
            "precision": 0.8700564971751412,
            "recall": 0.875,
            "f1-score": 0.8725212464589235,
            "support": 352.0
        },
        "grief": {
            "precision": 0.0,
            "recall": 0.0,
            "f1-score": 0.0,
            "support": 6.0
        },
        "joy": {
            "precision": 0.5471698113207547,
            "recall": 0.5403726708074534,
            "f1-score": 0.54375,
            "support": 161.0
        },
        "love": {
            "precision": 0.7376425855513308,
            "recall": 0.8151260504201681,
            "f1-score": 0.7744510978043913,
            "support": 238.0
        },
        "nervousness": {
            "precision": 0.42857142857142855,
            "recall": 0.13043478260869565,
            "f1-score": 0.2,
            "support": 23.0
        },
        "optimism": {
            "precision": 0.5851851851851851,
            "recall": 0.42473118279569894,
            "f1-score": 0.49221183800623053,
            "support": 186.0
        },
        "pride": {
            "precision": 0.625,
            "recall": 0.3125,
            "f1-score": 0.4166666666666667,
            "support": 16.0
        },
        "realization": {
            "precision": 0.4,
            "recall": 0.20689655172413793,
            "f1-score": 0.2727272727272727,
            "support": 145.0
        },
        "relief": {
            "precision": 0.6,
            "recall": 0.2727272727272727,
            "f1-score": 0.375,
            "support": 11.0
        },
        "remorse": {
            "precision": 0.5211267605633803,
            "recall": 0.6607142857142857,
            "f1-score": 0.5826771653543307,
            "support": 56.0
        },
        "sadness": {
            "precision": 0.6153846153846154,
            "recall": 0.3076923076923077,
            "f1-score": 0.41025641025641024,
            "support": 156.0
        },
        "surprise": {
            "precision": 0.5274725274725275,
            "recall": 0.3404255319148936,
            "f1-score": 0.41379310344827586,
            "support": 141.0
        },
        "neutral": {
            "precision": 0.6646005509641874,
            "recall": 0.5400111919418019,
            "f1-score": 0.595862920654523,
            "support": 1787.0
        },
        "micro avg": {
            "precision": 0.5447390932420872,
            "recall": 0.5030810554589983,
            "f1-score": 0.5230819779858715,
            "support": 6329.0
        },
        "macro avg": {
            "precision": 0.5142809245274106,
            "recall": 0.4114638729629096,
            "f1-score": 0.4306058837672881,
            "support": 6329.0
        },
        "weighted avg": {
            "precision": 0.565602367732883,
            "recall": 0.5030810554589983,
            "f1-score": 0.5167440457465957,
            "support": 6329.0
        },
        "samples avg": {
            "precision": 0.5521466740372213,
            "recall": 0.5256587433204348,
            "f1-score": 0.5288864320373441,
            "support": 6329.0
        }
    }
}