{
    "model_path": "/inspire/hdd/project/exploration-topic/public/downloaded_ckpts/Qwen2.5-7B-Instruct/",
    "backend": "vllm",
    "use_cot": true,
    "exact_match_accuracy": 0.47337387138382164,
    "classification_report": {
        "ambiguous": {
            "precision": 0.2838709677419355,
            "recall": 0.06499261447562776,
            "f1-score": 0.10576923076923077,
            "support": 677.0
        },
        "negative": {
            "precision": 0.425161045850701,
            "recall": 0.8890649762282092,
            "f1-score": 0.575237118687516,
            "support": 1262.0
        },
        "neutral": {
            "precision": 0.5166537567776918,
            "recall": 0.3732512590934527,
            "f1-score": 0.433398310591293,
            "support": 1787.0
        },
        "positive": {
            "precision": 0.7419962335216572,
            "recall": 0.7490494296577946,
            "f1-score": 0.7455061494796594,
            "support": 2104.0
        },
        "micro avg": {
            "precision": 0.5490417136414881,
            "recall": 0.5847341337907376,
            "f1-score": 0.5663261068195032,
            "support": 5830.0
        },
        "macro avg": {
            "precision": 0.4919205009729964,
            "recall": 0.5190895698637711,
            "f1-score": 0.4649777023819248,
            "support": 5830.0
        },
        "weighted avg": {
            "precision": 0.5511413762806477,
            "recall": 0.5847341337907376,
            "f1-score": 0.5386934361142811,
            "support": 5830.0
        },
        "samples avg": {
            "precision": 0.5694981880719858,
            "recall": 0.5952337080031939,
            "f1-score": 0.5705362078496408,
            "support": 5830.0
        }
    }
}