{
    "model_path": "/inspire/hdd/project/exploration-topic/public/downloaded_ckpts/Qwen2.5-1.5B-Instruct/",
    "backend": "vllm",
    "use_cot": false,
    "exact_match_accuracy": 0.3283582089552239,
    "classification_report": {
        "ambiguous": {
            "precision": 0.0,
            "recall": 0.0,
            "f1-score": 0.0,
            "support": 677.0
        },
        "negative": {
            "precision": 0.4954476479514416,
            "recall": 0.5174326465927099,
            "f1-score": 0.506201550387597,
            "support": 1262.0
        },
        "neutral": {
            "precision": 0.3475842891901286,
            "recall": 0.5595970900951315,
            "f1-score": 0.4288164665523156,
            "support": 1787.0
        },
        "positive": {
            "precision": 0.8402366863905325,
            "recall": 0.20247148288973385,
            "f1-score": 0.3263117579471467,
            "support": 2104.0
        },
        "micro avg": {
            "precision": 0.44149500955616905,
            "recall": 0.35660377358490564,
            "f1-score": 0.39453458582408196,
            "support": 5830.0
        },
        "macro avg": {
            "precision": 0.4208171558830257,
            "recall": 0.3198753048943938,
            "f1-score": 0.3153324437217648,
            "support": 5830.0
        },
        "weighted avg": {
            "precision": 0.5170233352766997,
            "recall": 0.35660377358490564,
            "f1-score": 0.3587789572965578,
            "support": 5830.0
        },
        "samples avg": {
            "precision": 0.3748848350838401,
            "recall": 0.36238560284994775,
            "f1-score": 0.36419753086419754,
            "support": 5830.0
        }
    }
}