{
    "model_path": "/inspire/hdd/project/exploration-topic/public/downloaded_ckpts/Qwen2.5-7B-Instruct/",
    "backend": "vllm",
    "use_cot": false,
    "exact_match_accuracy": 0.2767643265155703,
    "classification_report": {
        "ambiguous": {
            "precision": 0.31417624521072796,
            "recall": 0.12112259970457903,
            "f1-score": 0.17484008528784648,
            "support": 677.0
        },
        "negative": {
            "precision": 0.3937381404174573,
            "recall": 0.6576862123613312,
            "f1-score": 0.49258160237388726,
            "support": 1262.0
        },
        "neutral": {
            "precision": 0.4213615023474178,
            "recall": 0.2008953553441522,
            "f1-score": 0.2720727548313755,
            "support": 1787.0
        },
        "positive": {
            "precision": 0.6974169741697417,
            "recall": 0.44914448669201523,
            "f1-score": 0.546400693842151,
            "support": 2104.0
        },
        "micro avg": {
            "precision": 0.48426573426573427,
            "recall": 0.38010291595197254,
            "f1-score": 0.42590812992504323,
            "support": 5830.0
        },
        "macro avg": {
            "precision": 0.4566732155363362,
            "recall": 0.35721216352551943,
            "f1-score": 0.37147378408381504,
            "support": 5830.0
        },
        "weighted avg": {
            "precision": 0.5025614356024813,
            "recall": 0.38010291595197254,
            "f1-score": 0.4075172886214874,
            "support": 5830.0
        },
        "samples avg": {
            "precision": 0.3549229162827836,
            "recall": 0.3835452367790676,
            "f1-score": 0.3591609851974694,
            "support": 5830.0
        }
    }
}