{
    "model_path": "/inspire/hdd/project/exploration-topic/public/downloaded_ckpts/bert-base-cased-goemotions-original",
    "exact_match_accuracy": 0.41864750322461763,
    "classification_report": {
        "admiration": {
            "precision": 0.6131147540983607,
            "recall": 0.7420634920634921,
            "f1-score": 0.6714542190305206,
            "support": 504.0
        },
        "amusement": {
            "precision": 0.7320872274143302,
            "recall": 0.8901515151515151,
            "f1-score": 0.8034188034188035,
            "support": 264.0
        },
        "anger": {
            "precision": 0.5053191489361702,
            "recall": 0.4797979797979798,
            "f1-score": 0.49222797927461137,
            "support": 198.0
        },
        "annoyance": {
            "precision": 0.3109919571045576,
            "recall": 0.3625,
            "f1-score": 0.3347763347763348,
            "support": 320.0
        },
        "approval": {
            "precision": 0.3137254901960784,
            "recall": 0.41025641025641024,
            "f1-score": 0.35555555555555557,
            "support": 351.0
        },
        "caring": {
            "precision": 0.4,
            "recall": 0.4444444444444444,
            "f1-score": 0.42105263157894735,
            "support": 135.0
        },
        "confusion": {
            "precision": 0.40609137055837563,
            "recall": 0.5228758169934641,
            "f1-score": 0.45714285714285713,
            "support": 153.0
        },
        "curiosity": {
            "precision": 0.4634146341463415,
            "recall": 0.602112676056338,
            "f1-score": 0.5237366003062787,
            "support": 284.0
        },
        "desire": {
            "precision": 0.5,
            "recall": 0.4578313253012048,
            "f1-score": 0.4779874213836478,
            "support": 83.0
        },
        "disappointment": {
            "precision": 0.25555555555555554,
            "recall": 0.304635761589404,
            "f1-score": 0.27794561933534745,
            "support": 151.0
        },
        "disapproval": {
            "precision": 0.36335403726708076,
            "recall": 0.43820224719101125,
            "f1-score": 0.39728353140916806,
            "support": 267.0
        },
        "disgust": {
            "precision": 0.5203252032520326,
            "recall": 0.5203252032520326,
            "f1-score": 0.5203252032520326,
            "support": 123.0
        },
        "embarrassment": {
            "precision": 0.45714285714285713,
            "recall": 0.43243243243243246,
            "f1-score": 0.4444444444444444,
            "support": 37.0
        },
        "excitement": {
            "precision": 0.3629032258064516,
            "recall": 0.4368932038834951,
            "f1-score": 0.3964757709251101,
            "support": 103.0
        },
        "fear": {
            "precision": 0.5566037735849056,
            "recall": 0.7564102564102564,
            "f1-score": 0.6413043478260869,
            "support": 78.0
        },
        "gratitude": {
            "precision": 0.8994413407821229,
            "recall": 0.9147727272727273,
            "f1-score": 0.9070422535211268,
            "support": 352.0
        },
        "grief": {
            "precision": 1.0,
            "recall": 0.16666666666666666,
            "f1-score": 0.2857142857142857,
            "support": 6.0
        },
        "joy": {
            "precision": 0.5511363636363636,
            "recall": 0.6024844720496895,
            "f1-score": 0.5756676557863502,
            "support": 161.0
        },
        "love": {
            "precision": 0.7343173431734318,
            "recall": 0.8361344537815126,
            "f1-score": 0.7819253438113949,
            "support": 238.0
        },
        "nervousness": {
            "precision": 0.3333333333333333,
            "recall": 0.30434782608695654,
            "f1-score": 0.3181818181818182,
            "support": 23.0
        },
        "optimism": {
            "precision": 0.5141509433962265,
            "recall": 0.5860215053763441,
            "f1-score": 0.5477386934673367,
            "support": 186.0
        },
        "pride": {
            "precision": 0.45454545454545453,
            "recall": 0.3125,
            "f1-score": 0.37037037037037035,
            "support": 16.0
        },
        "realization": {
            "precision": 0.19444444444444445,
            "recall": 0.2896551724137931,
            "f1-score": 0.23268698060941828,
            "support": 145.0
        },
        "relief": {
            "precision": 0.4166666666666667,
            "recall": 0.45454545454545453,
            "f1-score": 0.43478260869565216,
            "support": 11.0
        },
        "remorse": {
            "precision": 0.6,
            "recall": 0.8571428571428571,
            "f1-score": 0.7058823529411765,
            "support": 56.0
        },
        "sadness": {
            "precision": 0.4943181818181818,
            "recall": 0.5576923076923077,
            "f1-score": 0.5240963855421686,
            "support": 156.0
        },
        "surprise": {
            "precision": 0.4939759036144578,
            "recall": 0.5815602836879432,
            "f1-score": 0.5342019543973942,
            "support": 141.0
        },
        "neutral": {
            "precision": 0.6190954773869347,
            "recall": 0.6894236149972021,
            "f1-score": 0.6523696055070162,
            "support": 1787.0
        },
        "micro avg": {
            "precision": 0.5320223951932268,
            "recall": 0.6155790804234477,
            "f1-score": 0.5707588631702315,
            "support": 6329.0
        },
        "macro avg": {
            "precision": 0.5023590959950256,
            "recall": 0.5340671466620334,
            "f1-score": 0.5030639867216162,
            "support": 6329.0
        },
        "weighted avg": {
            "precision": 0.5395267233524097,
            "recall": 0.6155790804234477,
            "f1-score": 0.5735924896932343,
            "support": 6329.0
        },
        "samples avg": {
            "precision": 0.5775259504944414,
            "recall": 0.6360327989681224,
            "f1-score": 0.5859125887318258,
            "support": 6329.0
        }
    }
}