{
    "model_path": "/inspire/hdd/project/exploration-topic/public/downloaded_ckpts/Qwen2.5-0.5B-Instruct/",
    "backend": "vllm",
    "use_cot": false,
    "exact_match_accuracy": 0.0014741109268472453,
    "classification_report": {
        "admiration": {
            "precision": 0.10810810810810811,
            "recall": 0.007936507936507936,
            "f1-score": 0.014787430683918669,
            "support": 504.0
        },
        "amusement": {
            "precision": 0.17142857142857143,
            "recall": 0.022727272727272728,
            "f1-score": 0.04013377926421405,
            "support": 264.0
        },
        "anger": {
            "precision": 0.05,
            "recall": 0.020202020202020204,
            "f1-score": 0.02877697841726619,
            "support": 198.0
        },
        "annoyance": {
            "precision": 0.0,
            "recall": 0.0,
            "f1-score": 0.0,
            "support": 320.0
        },
        "approval": {
            "precision": 0.03333333333333333,
            "recall": 0.002849002849002849,
            "f1-score": 0.005249343832020997,
            "support": 351.0
        },
        "caring": {
            "precision": 0.07142857142857142,
            "recall": 0.014814814814814815,
            "f1-score": 0.024539877300613498,
            "support": 135.0
        },
        "confusion": {
            "precision": 0.0,
            "recall": 0.0,
            "f1-score": 0.0,
            "support": 153.0
        },
        "curiosity": {
            "precision": 0.0,
            "recall": 0.0,
            "f1-score": 0.0,
            "support": 284.0
        },
        "desire": {
            "precision": 0.0,
            "recall": 0.0,
            "f1-score": 0.0,
            "support": 83.0
        },
        "disappointment": {
            "precision": 0.015151515151515152,
            "recall": 0.006622516556291391,
            "f1-score": 0.009216589861751152,
            "support": 151.0
        },
        "disapproval": {
            "precision": 0.02857142857142857,
            "recall": 0.003745318352059925,
            "f1-score": 0.006622516556291391,
            "support": 267.0
        },
        "disgust": {
            "precision": 0.08823529411764706,
            "recall": 0.024390243902439025,
            "f1-score": 0.03821656050955414,
            "support": 123.0
        },
        "embarrassment": {
            "precision": 0.0,
            "recall": 0.0,
            "f1-score": 0.0,
            "support": 37.0
        },
        "excitement": {
            "precision": 0.0,
            "recall": 0.0,
            "f1-score": 0.0,
            "support": 103.0
        },
        "fear": {
            "precision": 0.0,
            "recall": 0.0,
            "f1-score": 0.0,
            "support": 78.0
        },
        "gratitude": {
            "precision": 0.11428571428571428,
            "recall": 0.011363636363636364,
            "f1-score": 0.020671834625323,
            "support": 352.0
        },
        "grief": {
            "precision": 0.030303030303030304,
            "recall": 0.16666666666666666,
            "f1-score": 0.05128205128205128,
            "support": 6.0
        },
        "joy": {
            "precision": 0.034482758620689655,
            "recall": 0.006211180124223602,
            "f1-score": 0.010526315789473684,
            "support": 161.0
        },
        "love": {
            "precision": 0.07142857142857142,
            "recall": 0.012605042016806723,
            "f1-score": 0.02142857142857143,
            "support": 238.0
        },
        "nervousness": {
            "precision": 0.0,
            "recall": 0.0,
            "f1-score": 0.0,
            "support": 23.0
        },
        "optimism": {
            "precision": 0.06896551724137931,
            "recall": 0.010752688172043012,
            "f1-score": 0.018604651162790697,
            "support": 186.0
        },
        "pride": {
            "precision": 0.0,
            "recall": 0.0,
            "f1-score": 0.0,
            "support": 16.0
        },
        "realization": {
            "precision": 0.030303030303030304,
            "recall": 0.006896551724137931,
            "f1-score": 0.011235955056179775,
            "support": 145.0
        },
        "relief": {
            "precision": 0.0,
            "recall": 0.0,
            "f1-score": 0.0,
            "support": 11.0
        },
        "remorse": {
            "precision": 0.0,
            "recall": 0.0,
            "f1-score": 0.0,
            "support": 56.0
        },
        "sadness": {
            "precision": 0.06896551724137931,
            "recall": 0.01282051282051282,
            "f1-score": 0.021621621621621623,
            "support": 156.0
        },
        "surprise": {
            "precision": 0.0,
            "recall": 0.0,
            "f1-score": 0.0,
            "support": 141.0
        },
        "neutral": {
            "precision": 0.30303030303030304,
            "recall": 0.005595970900951315,
            "f1-score": 0.01098901098901099,
            "support": 1787.0
        },
        "micro avg": {
            "precision": 0.0465587044534413,
            "recall": 0.0072681308263548745,
            "f1-score": 0.012573459067924012,
            "support": 6329.0
        },
        "macro avg": {
            "precision": 0.04600075944975974,
            "recall": 0.012007140933192401,
            "f1-score": 0.011925110299309021,
            "support": 6329.0
        },
        "weighted avg": {
            "precision": 0.12390793007321388,
            "recall": 0.0072681308263548745,
            "f1-score": 0.012520289258601646,
            "support": 6329.0
        },
        "samples avg": {
            "precision": 0.0025182728333640442,
            "recall": 0.007554818500092132,
            "f1-score": 0.002592042839829394,
            "support": 6329.0
        }
    }
}